action,date,ticker,entry_price,position_size,cash_before_entry,cash_after_entry,slippage_bps,commission,net_return,exit_date,running_equity,cash_before_exit,cash_after_exit
ENTRY,2025-09-08,CSIQ,0.15,2000.0,10000.0,7999.0,15.0,1.0,0.146,2025-09-14,9999.0,,
ENTRY,2025-09-08,AMC,0.0247350436567178,1599.7999999999997,7999.0,6398.200000000001,15.0,1.0,0.0207350436567178,2025-09-28,9998.0,,
ENTRY,2025-09-09,OKTA,-0.05,1279.64,6398.200000000001,5117.56,15.0,1.0,-0.054000000000000006,2025-09-15,9997.0,,
ENTRY,2025-09-09,AAL,-0.05,1023.5120000000001,5117.56,4093.0480000000002,15.0,1.0,-0.054000000000000006,2025-09-18,9996.0,,
ENTRY,2025-09-09,SNDL,0.15,818.6096,4093.0480000000002,3273.4384,15.0,1.0,0.146,2025-09-23,9995.0,,
EXIT,2025-09-15,CSIQ,,2000.0,,,,1.0,0.146,2025-09-14,12286.0,3273.4384,5564.4384
EXIT,2025-09-15,OKTA,,1279.64,,,,1.0,-0.054000000000000006,2025-09-15,13495.53944,5564.4384,6773.97784
ENTRY,2025-09-15,TSLA,0.0630669808132379,1354.7955679999998,6773.97784,5418.182272,15.0,1.0,0.0590669808132379,2025-10-05,10214.89944,,
ENTRY,2025-09-15,PACB,0.15,1083.6364543999998,5418.182272,4333.5458176,15.0,1.0,0.146,2025-09-27,10213.89944,,
EXIT,2025-09-18,AAL,,1023.5120000000001,,,,1.0,-0.054000000000000006,2025-09-18,11181.141791999999,4333.5458176,5300.7881696
ENTRY,2025-09-18,DAL,-0.05,1060.15763392,5300.7881696,4239.63053568,15.0,1.0,-0.054000000000000006,2025-09-23,10156.629792,,
EXIT,2025-09-23,SNDL,,818.6096,,,,1.0,0.146,2025-09-23,11093.7563936,4239.63053568,5176.75713728
EXIT,2025-09-23,DAL,,1060.15763392,,,,1.0,-0.054000000000000006,2025-09-23,12095.66551528832,5176.75713728,6178.66625896832
ENTRY,2025-09-23,NTRA,-0.05,1235.733251793664,6178.66625896832,4941.933007174656,15.0,1.0,-0.054000000000000006,2025-09-24,10215.89828136832,,
ENTRY,2025-09-23,LCID,-0.05,988.3866014349312,4941.933007174656,3952.546405739725,15.0,1.0,-0.054000000000000006,2025-10-06,10214.89828136832,,
EXIT,2025-09-24,NTRA,,1235.733251793664,,,,1.0,-0.054000000000000006,2025-09-24,11382.901937565126,3952.546405739725,5120.550061936531
ENTRY,2025-09-24,AFRM,-0.05,1024.1100123873061,5120.550061936531,4095.440049549225,15.0,1.0,-0.054000000000000006,2025-09-26,10146.168685771461,,
EXIT,2025-09-26,AFRM,,1024.1100123873061,,,,1.0,-0.054000000000000006,2025-09-26,11113.976757489854,4095.440049549225,5063.248121267617
ENTRY,2025-09-26,COIN,0.15,1012.6496242535234,5063.248121267617,4049.5984970140935,15.0,1.0,0.146,2025-09-30,10088.866745102547,,
EXIT,2025-09-29,AMC,,1599.7999999999997,,,,1.0,0.0207350436567178,2025-09-28,11720.838667944565,4049.5984970140935,5681.570419856111
EXIT,2025-09-29,PACB,,1083.6364543999998,,,,1.0,0.146,2025-09-27,12961.686044686965,5681.570419856111,6922.417796598511
ENTRY,2025-09-29,Z,-0.05,1384.483559319702,6922.417796598511,5536.934237278809,15.0,1.0,-0.054000000000000006,2025-09-30,10277.249590286965,,
ENTRY,2025-09-29,GME,-0.05,1107.3868474557617,5536.934237278809,4428.547389823047,15.0,1.0,-0.054000000000000006,2025-10-03,10276.249590286965,,
EXIT,2025-09-30,COIN,,1012.6496242535234,,,,1.0,0.146,2025-09-30,11435.746059681504,4428.547389823047,5588.043859217584
EXIT,2025-09-30,Z,,1384.483559319702,,,,1.0,-0.054000000000000006,2025-09-30,12744.46750679794,5588.043859217584,6896.765306334022
ENTRY,2025-09-30,MDB,0.0840259880210789,1379.3530612668044,6896.765306334022,5516.412245067218,15.0,1.0,0.0800259880210789,2025-10-20,10346.334323224713,,
ENTRY,2025-09-30,BBBY,0.15,1103.2824490134435,5516.412245067218,4412.129796053774,15.0,1.0,0.146,2025-10-02,10345.334323224713,,
EXIT,2025-10-02,BBBY,,1103.2824490134435,,,,1.0,0.146,2025-10-02,11608.69600979412,4412.129796053774,5675.49148262318
ENTRY,2025-10-02,EDIT,-0.05,1135.0982965246358,5675.49148262318,4539.393186098544,15.0,1.0,-0.054000000000000006,2025-10-05,10504.413560780677,,
EXIT,2025-10-03,GME,,1107.3868474557617,,,,1.0,-0.054000000000000006,2025-10-03,11551.001518473826,4539.393186098544,5585.981143791694
ENTRY,2025-10-03,ORCL,-0.05,1117.1962287583387,5585.981143791694,4467.784915033355,15.0,1.0,-0.054000000000000006,2025-10-05,10442.614671018066,,
EXIT,2025-10-06,TSLA,,1354.7955679999998,,,,1.0,0.0590669808132379,2025-10-05,11876.43392283898,4467.784915033355,5901.60416685427
EXIT,2025-10-06,LCID,,988.3866014349312,,,,1.0,-0.054000000000000006,2025-10-06,12810.447647796424,5901.60416685427,6835.617891811715
EXIT,2025-10-06,EDIT,,1135.0982965246358,,,,1.0,-0.054000000000000006,2025-10-05,13883.25063630873,6835.617891811715,7908.42088032402
EXIT,2025-10-06,ORCL,,1117.1962287583387,,,,1.0,-0.054000000000000006,2025-10-05,14939.118268714119,7908.42088032402,8964.288512729408
ENTRY,2025-10-06,Z,-0.05,1792.8577025458817,8964.288512729408,7170.430810183527,15.0,1.0,-0.054000000000000006,2025-10-09,10342.641573996214,,
ENTRY,2025-10-06,NTRA,0.15,1434.0861620367052,7170.430810183527,5735.344648146822,15.0,1.0,0.146,2025-10-16,10341.641573996214,,
ENTRY,2025-10-06,OKTA,-0.05,1147.0689296293642,5735.344648146822,4587.275718517458,15.0,1.0,-0.054000000000000006,2025-10-10,10340.641573996214,,
ENTRY,2025-10-06,ESTC,-0.05,917.4551437034916,4587.275718517458,3668.8205748139662,15.0,1.0,-0.054000000000000006,2025-10-07,10339.641573996214,,
EXIT,2025-10-07,ESTC,,917.4551437034916,,,,1.0,-0.054000000000000006,2025-10-07,11206.554139939715,3668.8205748139662,4535.733140757469
ENTRY,2025-10-07,FSLY,-0.05,907.1466281514938,4535.733140757469,3627.5865126059753,15.0,1.0,-0.054000000000000006,2025-10-15,10288.098996236226,,
EXIT,2025-10-09,Z,,1792.8577025458817,,,,1.0,-0.054000000000000006,2025-10-09,11983.142382844628,3627.5865126059753,5322.629899214379
ENTRY,2025-10-09,TWLO,-0.05,1064.5259798428758,5322.629899214379,4257.103919371503,15.0,1.0,-0.054000000000000006,2025-10-10,10189.284680298748,,
EXIT,2025-10-10,OKTA,,1147.0689296293642,,,,1.0,-0.054000000000000006,2025-10-10,11273.411887728125,4257.103919371503,5341.231126800882
EXIT,2025-10-10,TWLO,,1064.5259798428758,,,,1.0,-0.054000000000000006,2025-10-10,12279.453464659486,5341.231126800882,6347.272703732242
ENTRY,2025-10-10,RUN,0.15,1269.4545407464484,6347.272703732242,5076.818162985794,15.0,1.0,0.146,2025-10-13,10066.858555187246,,
ENTRY,2025-10-10,EDIT,-0.05,1015.3636325971587,5076.818162985794,4060.454530388635,15.0,1.0,-0.054000000000000006,2025-10-11,10065.858555187246,,
EXIT,2025-10-13,RUN,,1269.4545407464484,,,,1.0,0.146,2025-10-13,11519.653458882674,4060.454530388635,5514.249434084064
EXIT,2025-10-13,EDIT,,1015.3636325971587,,,,1.0,-0.054000000000000006,2025-10-11,12479.187455319587,5514.249434084064,6473.783430520976
ENTRY,2025-10-13,SPCE,-0.05,1294.756686104195,6473.783430520976,5178.026744416781,15.0,1.0,-0.054000000000000006,2025-10-14,10193.36928197598,,
ENTRY,2025-10-13,COIN,-0.05,1035.605348883356,5178.026744416781,4141.421395533425,15.0,1.0,-0.054000000000000006,2025-10-14,10192.36928197598,,
EXIT,2025-10-14,SPCE,,1294.756686104195,,,,1.0,-0.054000000000000006,2025-10-14,11416.209107030549,4141.421395533425,5365.261220587994
EXIT,2025-10-14,COIN,,1035.605348883356,,,,1.0,-0.054000000000000006,2025-10-14,12394.891767074203,5365.261220587994,6343.943880631648
ENTRY,2025-10-14,AMAT,0.0480315120320575,1268.7887761263296,6343.943880631648,5074.155104505318,15.0,1.0,0.044031512032057504,2025-11-03,10063.529732086652,,
ENTRY,2025-10-14,BMEA,-0.05,1014.8310209010637,5074.155104505318,4058.3240836042546,15.0,1.0,-0.054000000000000006,2025-10-17,10062.529732086652,,
EXIT,2025-10-15,FSLY,,907.1466281514938,,,,1.0,-0.054000000000000006,2025-10-15,10919.690442317966,4058.3240836042546,4915.484793835568
ENTRY,2025-10-15,PINS,-0.05,983.0969587671135,4915.484793835568,3931.3878350684545,15.0,1.0,-0.054000000000000006,2025-10-30,10011.54381416647,,
EXIT,2025-10-16,NTRA,,1434.0861620367052,,,,1.0,0.146,2025-10-16,11654.006555860535,3931.3878350684545,5573.850576762518
ENTRY,2025-10-16,PYPL,0.15,1114.7701153525036,5573.850576762518,4458.080461410014,15.0,1.0,0.146,2025-10-24,10218.920393823828,,
EXIT,2025-10-17,BMEA,,1014.8310209010637,,,,1.0,-0.054000000000000006,2025-10-17,11177.950539596235,4458.080461410014,5417.110607182421
ENTRY,2025-10-17,PLTR,0.15,1083.422121436484,5417.110607182421,4332.688485745936,15.0,1.0,0.146,2025-10-28,10162.119518695172,,
EXIT,2025-10-20,MDB,,1379.3530612668044,,,,1.0,0.0800259880210789,2025-10-20,11650.856671519752,4332.688485745936,5821.425638570517
ENTRY,2025-10-20,NIO,-0.05,1164.2851277141033,5821.425638570517,4656.140510856413,15.0,1.0,-0.054000000000000006,2025-10-22,10270.503610252948,,
EXIT,2025-10-22,NIO,,1164.2851277141033,,,,1.0,-0.054000000000000006,2025-10-22,11370.91734107049,4656.140510856413,5756.5542416739545
ENTRY,2025-10-22,BABA,-0.05,1151.3108483347908,5756.5542416739545,4604.243393339164,15.0,1.0,-0.054000000000000006,2025-11-06,10205.632213356384,,
EXIT,2025-10-24,PYPL,,1114.7701153525036,,,,1.0,0.146,2025-10-24,11482.158765550354,4604.243393339164,5880.769945533133
ENTRY,2025-10-24,QS,-0.05,1176.1539891066266,5880.769945533133,4703.615956426506,15.0,1.0,-0.054000000000000006,2025-10-26,10366.38865019785,,
EXIT,2025-10-27,QS,,1176.1539891066266,,,,1.0,-0.054000000000000006,2025-10-26,11478.030323892719,4703.615956426506,5815.257630121375
ENTRY,2025-10-27,ICLR,-0.05,1163.0515260242748,5815.257630121375,4651.2061040971,15.0,1.0,-0.054000000000000006,2025-10-29,10300.876334786093,,
EXIT,2025-10-28,PLTR,,1083.422121436484,,,,1.0,0.146,2025-10-28,11541.478085952303,4651.2061040971,5891.807855263311
ENTRY,2025-10-28,BBBY,-0.05,1178.361571052662,5891.807855263311,4712.446284210649,15.0,1.0,-0.054000000000000006,2025-10-30,10457.05596451582,,
EXIT,2025-10-29,ICLR,,1163.0515260242748,,,,1.0,-0.054000000000000006,2025-10-29,11556.302708134783,4712.446284210649,5811.693027829613
ENTRY,2025-10-29,NKE,-0.05,1162.3386055659225,5811.693027829613,4648.35442226369,15.0,1.0,-0.054000000000000006,2025-11-02,10392.251182110507,,
EXIT,2025-10-30,PINS,,983.0969587671135,,,,1.0,-0.054000000000000006,2025-10-30,11321.260905104198,4648.35442226369,5577.364145257379
EXIT,2025-10-30,BBBY,,1178.361571052662,,,,1.0,-0.054000000000000006,2025-10-30,12434.990951320015,5577.364145257379,6691.0941914731975
ENTRY,2025-10-30,DOCU,-0.05,1338.2188382946395,6691.0941914731975,5351.875353178558,15.0,1.0,-0.054000000000000006,2025-11-09,10272.53242150024,,
ENTRY,2025-10-30,DDOG,0.15,1070.3750706357114,5351.875353178558,4280.500282542846,15.0,1.0,0.146,2025-11-04,10271.53242150024,,
EXIT,2025-11-03,AMAT,,1268.7887761263296,,,,1.0,0.044031512032057504,2025-11-03,11595.187885888716,4280.500282542846,5604.155746931322
EXIT,2025-11-03,NKE,,1162.3386055659225,,,,1.0,-0.054000000000000006,2025-11-02,12693.76020675408,5604.155746931322,6702.728067796685
ENTRY,2025-11-03,TWLO,-0.05,1340.5456135593367,6702.728067796685,5361.182454237348,15.0,1.0,-0.054000000000000006,2025-11-05,10261.632825061826,,
ENTRY,2025-11-03,TME,-0.05,1072.2364908474697,5361.182454237348,4287.945963389879,15.0,1.0,-0.054000000000000006,2025-11-07,10260.632825061826,,
EXIT,2025-11-04,DDOG,,1070.3750706357114,,,,1.0,0.146,2025-11-04,11486.282656010351,4287.945963389879,5513.595794338404
ENTRY,2025-11-04,LULU,0.15,1102.7191588676806,5513.595794338404,4409.876635470723,15.0,1.0,0.146,2025-11-21,10414.90758537464,,
EXIT,2025-11-05,TWLO,,1340.5456135593367,,,,1.0,-0.054000000000000006,2025-11-05,11682.063735801774,4409.876635470723,5677.032785897855
ENTRY,2025-11-05,AMC,-0.05,1135.406557179571,5677.032785897855,4540.626228718284,15.0,1.0,-0.054000000000000006,2025-11-08,10340.518122242436,,
EXIT,2025-11-06,BABA,,1151.3108483347908,,,,1.0,-0.054000000000000006,2025-11-06,11428.658184767148,4540.626228718284,5628.766291242997
ENTRY,2025-11-06,TGT,-0.05,1125.7532582485994,5628.766291242997,4502.013032994398,15.0,1.0,-0.054000000000000006,2025-11-16,10276.347336432358,,
EXIT,2025-11-07,TME,,1072.2364908474697,,,,1.0,-0.054000000000000006,2025-11-07,11289.683056774065,4502.013032994398,5515.348753336104
ENTRY,2025-11-07,MDB,-0.05,1103.069750667221,5515.348753336104,4411.279002668884,15.0,1.0,-0.054000000000000006,2025-11-12,10216.446565926595,,
EXIT,2025-11-10,DOCU,,1338.2188382946395,,,,1.0,-0.054000000000000006,2025-11-09,11481.401586953325,4411.279002668884,5676.234023695612
EXIT,2025-11-10,AMC,,1135.406557179571,,,,1.0,-0.054000000000000006,2025-11-08,12554.496190045198,5676.234023695612,6749.328626787486
ENTRY,2025-11-10,TTD,-0.05,1349.8657253574972,6749.328626787486,5398.462901429989,15.0,1.0,-0.054000000000000006,2025-11-15,10079.870794570987,,
ENTRY,2025-11-10,BBBY,-0.05,1079.6925802859978,5398.462901429989,4317.770321143991,15.0,1.0,-0.054000000000000006,2025-11-12,10078.870794570987,,
EXIT,2025-11-12,MDB,,1103.069750667221,,,,1.0,-0.054000000000000006,2025-11-12,11121.374778702178,4317.770321143991,5360.274305275182
EXIT,2025-11-12,BBBY,,1079.6925802859978,,,,1.0,-0.054000000000000006,2025-11-12,12141.763959652732,5360.274305275182,6380.663486225736
ENTRY,2025-11-12,SNAP,-0.05,1276.1326972451473,6380.663486225736,5103.530788980589,15.0,1.0,-0.054000000000000006,2025-11-13,9958.001628699512,,
ENTRY,2025-11-12,NIO,-0.05,1020.7061577961179,5103.530788980589,4081.8246311844714,15.0,1.0,-0.054000000000000006,2025-11-14,9957.001628699512,,
EXIT,2025-11-13,SNAP,,1276.1326972451473,,,,1.0,-0.054000000000000006,2025-11-13,11163.223160293423,4081.8246311844714,5288.046162778381
ENTRY,2025-11-13,MDB,-0.05,1057.609232555676,5288.046162778381,4229.436930222704,15.0,1.0,-0.054000000000000006,2025-11-16,9886.090463048276,,
EXIT,2025-11-14,NIO,,1020.7061577961179,,,,1.0,-0.054000000000000006,2025-11-14,10850.678488323403,4229.436930222704,5194.024955497832
ENTRY,2025-11-14,TSLA,-0.05,1038.8049910995665,5194.024955497832,4154.219964398266,15.0,1.0,-0.054000000000000006,2025-11-19,9828.972330527286,,
EXIT,2025-11-17,TGT,,1125.7532582485994,,,,1.0,-0.054000000000000006,2025-11-16,10892.93491283046,4154.219964398266,5218.1825467014405
EXIT,2025-11-17,TTD,,1349.8657253574972,,,,1.0,-0.054000000000000006,2025-11-15,12168.907889018654,5218.1825467014405,6494.155522889633
EXIT,2025-11-17,MDB,,1057.609232555676,,,,1.0,-0.054000000000000006,2025-11-16,13168.406223016322,6494.155522889633,7493.653856887303
ENTRY,2025-11-17,BBBY,-0.05,1498.7307713774605,7493.653856887303,5993.923085509842,15.0,1.0,-0.054000000000000006,2025-11-22,9634.178006854549,,
ENTRY,2025-11-17,TTD,-0.05,1198.7846171019685,5993.923085509842,4794.138468407874,15.0,1.0,-0.054000000000000006,2025-12-04,9633.178006854549,,
ENTRY,2025-11-17,NOK,-0.05,958.8276936815748,4794.138468407874,3834.3107747262993,15.0,1.0,-0.054000000000000006,2025-11-19,9632.17800685455,,
EXIT,2025-11-19,TSLA,,1038.8049910995665,,,,1.0,-0.054000000000000006,2025-11-19,10613.887528434741,3834.3107747262993,4816.020296306489
EXIT,2025-11-19,NOK,,958.8276936815748,,,,1.0,-0.054000000000000006,2025-11-19,11519.93852665751,4816.020296306489,5722.071294529259
ENTRY,2025-11-19,CRWD,-0.05,1144.4142589058517,5722.071294529259,4576.657035623407,15.0,1.0,-0.054000000000000006,2025-11-21,9521.305841876369,,
ENTRY,2025-11-19,CROX,0.15,915.3314071246814,4576.657035623407,3660.3256284987256,15.0,1.0,0.146,2025-12-05,9520.305841876369,,
EXIT,2025-11-21,LULU,,1102.7191588676806,,,,1.0,0.146,2025-11-21,10783.02199793873,3660.3256284987256,4923.041784561087
EXIT,2025-11-21,CRWD,,1144.4142589058517,,,,1.0,-0.054000000000000006,2025-11-21,11864.637886863666,4923.041784561087,6004.657673486023
ENTRY,2025-11-21,AFRM,0.15,1200.9315346972046,6004.657673486023,4802.726138788818,15.0,1.0,0.146,2025-12-08,9616.504469090134,,
ENTRY,2025-11-21,LULU,0.15,960.5452277577638,4802.726138788818,3841.1809110310546,15.0,1.0,0.146,2025-12-05,9615.504469090134,,
EXIT,2025-11-24,BBBY,,1498.7307713774605,,,,1.0,-0.054000000000000006,2025-11-22,11032.303778813211,3841.1809110310546,5257.9802207541325
ENTRY,2025-11-24,TEAM,0.1088426273374365,1051.5960441508264,5257.9802207541325,4205.384176603306,15.0,1.0,0.1048426273374365,2025-12-14,9532.57300743575,,
EXIT,2025-12-04,TTD,,1198.7846171019685,,,,1.0,-0.054000000000000006,2025-12-04,10665.623255214214,4205.384176603306,5338.434424381768
ENTRY,2025-12-04,FSLY,-0.05,1067.6868848763536,5338.434424381768,4269.747539505414,15.0,1.0,-0.054000000000000006,2025-12-05,9465.838638112244,,
EXIT,2025-12-05,CROX,,915.3314071246814,,,,1.0,0.146,2025-12-05,10513.808430677129,4269.747539505414,5317.717332070299
EXIT,2025-12-05,LULU,,960.5452277577638,,,,1.0,0.146,2025-12-05,11613.593261687525,5317.717332070299,6417.502163080696
EXIT,2025-12-05,FSLY,,1067.6868848763536,,,,1.0,-0.054000000000000006,2025-12-05,12622.625054780558,6417.502163080696,7426.533956173726
ENTRY,2025-12-05,Z,-0.05,1485.306791234745,7426.533956173726,5940.227164938981,15.0,1.0,-0.054000000000000006,2025-12-11,9678.061535021758,,
ENTRY,2025-12-05,SPWR,-0.05,1188.0454329877962,5940.227164938981,4751.181731951185,15.0,1.0,-0.054000000000000006,2025-12-22,9677.061535021756,,
ENTRY,2025-12-05,DOCU,-0.0073092087851777,950.2363463902369,4751.181731951185,3799.9453855609477,15.0,1.0,-0.0113092087851777,2025-12-25,9676.061535021758,,
EXIT,2025-12-08,AFRM,,1200.9315346972046,,,,1.0,0.146,2025-12-08,11051.329073784753,3799.9453855609477,5175.212924323944
ENTRY,2025-12-08,AFRM,0.15,1035.0425848647888,5175.212924323944,4139.170339459155,15.0,1.0,0.146,2025-12-17,9849.39753908755,,
EXIT,2025-12-11,Z,,1485.306791234745,,,,1.0,-0.054000000000000006,2025-12-11,11253.497763595617,4139.170339459155,5543.270563967224
ENTRY,2025-12-11,COIN,-0.05,1108.6541127934447,5543.270563967224,4433.616451173779,15.0,1.0,-0.054000000000000006,2025-12-13,9767.190972360871,,
EXIT,2025-12-15,TEAM,,1051.5960441508264,,,,1.0,0.1048426273374365,2025-12-14,10928.039108678126,4433.616451173779,5594.464587491033
EXIT,2025-12-15,COIN,,1108.6541127934447,,,,1.0,-0.054000000000000006,2025-12-13,11975.825899380725,5594.464587491033,6642.251378193631
ENTRY,2025-12-15,SPCE,0.15,1328.4502756387262,6642.251378193631,5312.801102554905,15.0,1.0,0.146,2025-12-19,9814.575742436453,,
ENTRY,2025-12-15,UBER,0.0340825909446003,1062.560220510981,5312.801102554905,4249.240882043924,15.0,1.0,0.030082590944600297,2026-01-04,9813.575742436453,,
EXIT,2025-12-17,AFRM,,1035.0425848647888,,,,1.0,0.146,2025-12-17,10998.7345446915,4249.240882043924,5434.399684298972
ENTRY,2025-12-17,GME,-0.05,1086.8799368597943,5434.399684298972,4346.519747439177,15.0,1.0,-0.054000000000000006,2025-12-20,9962.691959826712,,
EXIT,2025-12-19,SPCE,,1328.4502756387262,,,,1.0,0.146,2025-12-19,11484.095975708691,4346.519747439177,5867.923763321157
ENTRY,2025-12-19,INCY,0.0192812901009409,1173.5847526642312,5867.923763321157,4693.339010656926,15.0,1.0,0.015281290100940901,2026-01-08,10154.645700069967,,
EXIT,2025-12-22,SPWR,,1188.0454329877962,,,,1.0,-0.054000000000000006,2025-12-22,11277.536679676421,4693.339010656926,5816.229990263381
EXIT,2025-12-22,GME,,1086.8799368597943,,,,1.0,-0.054000000000000006,2025-12-20,12304.725099945786,5816.229990263381,6843.418410532747
ENTRY,2025-12-22,CRWD,-0.05,1368.6836821065494,6843.418410532747,5473.734728426198,15.0,1.0,-0.054000000000000006,2025-12-29,10028.799730098195,,
ENTRY,2025-12-22,BEAM,-0.05,1094.7469456852396,5473.734728426198,4377.987782740958,15.0,1.0,-0.054000000000000006,2025-12-29,10027.799730098195,,
EXIT,2025-12-26,DOCU,,950.2363463902369,,,,1.0,-0.0113092087851777,2025-12-25,10966.289655251841,4377.987782740958,5316.477707894604
ENTRY,2025-12-26,FCEL,-0.05,1063.2955415789206,5316.477707894604,4252.1821663156825,15.0,1.0,-0.054000000000000006,2025-12-28,10015.053308861605,,
EXIT,2025-12-29,CRWD,,1368.6836821065494,,,,1.0,-0.054000000000000006,2025-12-29,11308.828072134402,4252.1821663156825,5545.9569295884785
EXIT,2025-12-29,BEAM,,1094.7469456852396,,,,1.0,-0.054000000000000006,2025-12-29,12343.458682752636,5545.9569295884785,6580.587540206715
EXIT,2025-12-29,FCEL,,1063.2955415789206,,,,1.0,-0.054000000000000006,2025-12-28,13348.336265086296,6580.587540206715,7585.465122540374
ENTRY,2025-12-29,JKS,0.15,1517.0930245080747,7585.465122540374,6067.3720980323,15.0,1.0,0.146,2026-01-09,9820.610095715587,,
ENTRY,2025-12-29,HOOD,-0.05,1213.4744196064598,6067.3720980323,4852.897678425839,15.0,1.0,-0.054000000000000006,2026-01-01,9819.610095715587,,
ENTRY,2025-12-29,EDIT,-0.05,970.5795356851679,4852.897678425839,3881.3181427406716,15.0,1.0,-0.054000000000000006,2026-01-01,9818.610095715587,,
EXIT,2026-01-02,HOOD,,1213.4744196064598,,,,1.0,-0.054000000000000006,2026-01-01,10965.556896663296,3881.3181427406716,5028.264943688382
EXIT,2026-01-02,EDIT,,970.5795356851679,,,,1.0,-0.054000000000000006,2026-01-01,11882.725137421465,5028.264943688382,5945.4331844465505
ENTRY,2026-01-02,TSLA,-0.05,1189.08663688931,5945.4331844465505,4755.34654755724,15.0,1.0,-0.054000000000000006,2026-01-20,9697.671182129838,,
ENTRY,2026-01-02,ARVN,0.15,951.069309511448,4755.34654755724,3803.2772380457923,15.0,1.0,0.146,2026-01-17,9696.671182129838,,
EXIT,2026-01-05,UBER,,1062.560220510981,,,,1.0,0.030082590944600297,2026-01-04,10790.195967108455,3803.2772380457923,4896.802023024409
ENTRY,2026-01-05,RUN,-0.05,979.3604046048819,4896.802023024409,3916.4416184195275,15.0,1.0,-0.054000000000000006,2026-01-07,9726.635746597472,,
EXIT,2026-01-07,RUN,,979.3604046048819,,,,1.0,-0.054000000000000006,2026-01-07,10652.11068935369,3916.4416184195275,4841.916561175745
ENTRY,2026-01-07,CSIQ,-0.05,968.3833122351491,4841.916561175745,3872.5332489405964,15.0,1.0,-0.054000000000000006,2026-01-08,9671.75028474881,,
EXIT,2026-01-08,INCY,,1173.5847526642312,,,,1.0,0.015281290100940901,2026-01-08,10862.268926476543,3872.5332489405964,5063.051890668331
EXIT,2026-01-08,CSIQ,,968.3833122351491,,,,1.0,-0.054000000000000006,2026-01-08,11777.359539850995,5063.051890668331,5978.142504042782
ENTRY,2026-01-08,CROX,-0.05,1195.6285008085563,5978.142504042782,4781.514003234226,15.0,1.0,-0.054000000000000006,2026-01-14,9634.391474951615,,
ENTRY,2026-01-08,TTD,-0.05,956.3028006468452,4781.514003234226,3824.2112025873807,15.0,1.0,-0.054000000000000006,2026-01-14,9633.391474951615,,
EXIT,2026-01-09,JKS,,1517.0930245080747,,,,1.0,0.146,2026-01-09,11370.98008103787,3824.2112025873807,5561.799808673634
ENTRY,2026-01-09,DDOG,-0.05,1112.3599617347268,5561.799808673634,4448.439846938907,15.0,1.0,-0.054000000000000006,2026-01-14,9852.887056529793,,
EXIT,2026-01-14,CROX,,1195.6285008085563,,,,1.0,-0.054000000000000006,2026-01-14,10982.951618294686,4448.439846938907,5578.504408703801
EXIT,2026-01-14,TTD,,956.3028006468452,,,,1.0,-0.054000000000000006,2026-01-14,11886.614067706603,5578.504408703801,6482.166858115717
EXIT,2026-01-14,DDOG,,1112.3599617347268,,,,1.0,-0.054000000000000006,2026-01-14,12937.906591507654,6482.166858115717,7533.4593819167685
ENTRY,2026-01-14,NIO,0.0855262875832125,1506.6918763833537,7533.4593819167685,6025.767505533415,15.0,1.0,0.0815262875832125,2026-02-03,9672.615328317526,,
ENTRY,2026-01-14,BB,-0.05,1205.1535011066828,6025.767505533415,4819.614004426732,15.0,1.0,-0.054000000000000006,2026-01-24,9671.615328317526,,
ENTRY,2026-01-14,INTU,-0.05,963.9228008853464,4819.614004426732,3854.6912035413857,15.0,1.0,-0.054000000000000006,2026-01-16,9670.615328317526,,
EXIT,2026-01-16,INTU,,963.9228008853464,,,,1.0,-0.054000000000000006,2026-01-16,10581.486297955063,3854.6912035413857,4765.562173178923
ENTRY,2026-01-16,CRSP,-0.05,953.1124346357846,4765.562173178923,3811.4497385431387,15.0,1.0,-0.054000000000000006,2026-01-25,9616.563497069717,,
EXIT,2026-01-20,TSLA,,1189.08663688931,,,,1.0,-0.054000000000000006,2026-01-20,10740.439455567004,3811.4497385431387,4935.325697040425
EXIT,2026-01-20,ARVN,,951.069309511448,,,,1.0,0.146,2026-01-17,11829.364884267125,4935.325697040425,6024.251125740545
ENTRY,2026-01-20,RIVN,-0.05,1204.850225148109,6024.251125740545,4818.400900592436,15.0,1.0,-0.054000000000000006,2026-01-25,9688.208937866366,,
ENTRY,2026-01-20,ICLR,-0.05,963.6801801184873,4818.400900592436,3853.720720473949,15.0,1.0,-0.054000000000000006,2026-01-30,9687.208937866366,,
EXIT,2026-01-26,BB,,1205.1535011066828,,,,1.0,-0.054000000000000006,2026-01-24,10826.284149913288,3853.720720473949,4992.79593252087
EXIT,2026-01-26,CRSP,,953.1124346357846,,,,1.0,-0.054000000000000006,2026-01-25,11726.92851307874,4992.79593252087,5893.440295686322
EXIT,2026-01-26,RIVN,,1204.850225148109,,,,1.0,-0.054000000000000006,2026-01-25,12865.716826068852,5893.440295686322,7032.228608676433
ENTRY,2026-01-26,BLNK,-0.05,1406.4457217352867,7032.228608676433,5624.782886941147,15.0,1.0,-0.054000000000000006,2026-01-28,9501.600665178274,,
ENTRY,2026-01-26,BB,-0.05,1124.9565773882293,5624.782886941147,4498.826309552917,15.0,1.0,-0.054000000000000006,2026-01-29,9500.600665178274,,
ENTRY,2026-01-26,CRSP,-0.05,899.7652619105835,4498.826309552917,3598.061047642334,15.0,1.0,-0.054000000000000006,2026-01-30,9499.600665178274,,
EXIT,2026-01-28,BLNK,,1406.4457217352867,,,,1.0,-0.054000000000000006,2026-01-28,10829.098317939855,3598.061047642334,4927.558700403915
ENTRY,2026-01-28,BLNK,-0.05,985.511740080783,4927.558700403915,3941.046960323132,15.0,1.0,-0.054000000000000006,2026-01-30,9421.652596204569,,
EXIT,2026-01-29,BB,,1124.9565773882293,,,,1.0,-0.054000000000000006,2026-01-29,10484.861518413834,3941.046960323132,5004.255882532398
ENTRY,2026-01-29,TSLA,-0.05,1000.8511765064795,5004.255882532398,4002.404706025918,15.0,1.0,-0.054000000000000006,2026-02-03,9358.904941025605,,
EXIT,2026-01-30,ICLR,,963.6801801184873,,,,1.0,-0.054000000000000006,2026-01-30,10269.546391417694,4002.404706025918,4913.046156418007
EXIT,2026-01-30,CRSP,,899.7652619105835,,,,1.0,-0.054000000000000006,2026-01-30,11119.724329185105,4913.046156418007,5763.224094185419
EXIT,2026-01-30,BLNK,,985.511740080783,,,,1.0,-0.054000000000000006,2026-01-30,12051.018435301527,5763.224094185419,6694.51820030184
ENTRY,2026-01-30,ETSY,-0.05,1338.903640060368,6694.51820030184,5354.614560241472,15.0,1.0,-0.054000000000000006,2026-02-02,9201.061253191674,,
ENTRY,2026-01-30,AFRM,-0.05,1070.9229120482944,5354.614560241472,4282.691648193178,15.0,1.0,-0.054000000000000006,2026-02-04,9200.061253191674,,
ENTRY,2026-01-30,CROX,0.15,856.5383296386354,4282.691648193178,3425.1533185545422,15.0,1.0,0.146,2026-02-08,9199.061253191674,,
EXIT,2026-02-02,ETSY,,1338.903640060368,,,,1.0,-0.054000000000000006,2026-02-02,10464.66409668878,3425.1533185545422,4690.75616205165
ENTRY,2026-02-02,AMAT,-0.05,938.1512324103298,4690.75616205165,3751.6049296413203,15.0,1.0,-0.054000000000000006,2026-02-03,9124.760456628414,,
EXIT,2026-02-03,NIO,,1506.6918763833537,,,,1.0,0.0815262875832125,2026-02-03,10753.287328225088,3751.6049296413203,5380.131801237993
EXIT,2026-02-03,TSLA,,1000.8511765064795,,,,1.0,-0.054000000000000006,2026-02-03,11699.092541200216,5380.131801237993,6325.937014213123
EXIT,2026-02-03,AMAT,,938.1512324103298,,,,1.0,-0.054000000000000006,2026-02-03,12585.583607060387,6325.937014213123,7212.428080073295
ENTRY,2026-02-03,SNOW,-0.05,1442.485616014659,7212.428080073295,5768.942464058636,15.0,1.0,-0.054000000000000006,2026-02-04,9138.889321760224,,
ENTRY,2026-02-03,PINS,-0.05,1153.788492811727,5768.942464058636,4614.153971246908,15.0,1.0,-0.054000000000000006,2026-02-05,9137.889321760224,,
ENTRY,2026-02-03,BB,0.0265486464260317,922.8307942493816,4614.153971246908,3690.323176997527,15.0,1.0,0.0225486464260317,2026-02-23,9136.889321760224,,
EXIT,2026-02-04,AFRM,,1070.9229120482944,,,,1.0,-0.054000000000000006,2026-02-04,10148.98239655791,3690.323176997527,4702.416251795214
EXIT,2026-02-04,SNOW,,1442.485616014659,,,,1.0,-0.054000000000000006,2026-02-04,11512.573789307778,4702.416251795214,6066.007644545081
ENTRY,2026-02-04,BKNG,-0.05,1213.2015289090161,6066.007644545081,4851.806115636065,15.0,1.0,-0.054000000000000006,2026-02-06,8998.165261244827,,
ENTRY,2026-02-04,FCEL,-0.05,970.3612231272132,4851.806115636065,3880.4448925088523,15.0,1.0,-0.054000000000000006,2026-02-05,8997.165261244825,,
EXIT,2026-02-05,PINS,,1153.788492811727,,,,1.0,-0.054000000000000006,2026-02-05,10087.64917544472,3880.4448925088523,4970.928806708746
EXIT,2026-02-05,FCEL,,970.3612231272132,,,,1.0,-0.054000000000000006,2026-02-05,11004.610892523064,4970.928806708746,5887.89052378709
ENTRY,2026-02-05,AVGO,0.0643135505865869,1177.578104757418,5887.89052378709,4709.312419029672,15.0,1.0,0.0603135505865869,2026-02-25,8879.461176584124,,
ENTRY,2026-02-05,ORCL,0.15,941.8624838059344,4709.312419029672,3766.4499352237376,15.0,1.0,0.146,2026-02-07,8878.461176584124,,
EXIT,2026-02-06,BKNG,,1213.2015289090161,,,,1.0,-0.054000000000000006,2026-02-06,10025.149822932053,3766.4499352237376,4913.138581571667
ENTRY,2026-02-06,BABA,-0.05,982.6277163143334,4913.138581571667,3929.5108652573335,15.0,1.0,-0.054000000000000006,2026-02-11,8810.948294023037,,
EXIT,2026-02-09,CROX,,856.5383296386354,,,,1.0,0.146,2026-02-08,9791.541219788913,3929.5108652573335,4910.10379102321
EXIT,2026-02-09,ORCL,,941.8624838059344,,,,1.0,0.146,2026-02-07,10869.915626230513,4910.10379102321,5988.47819746481
ENTRY,2026-02-09,ACN,-0.05,1197.695639492962,5988.47819746481,4789.782557971848,15.0,1.0,-0.054000000000000006,2026-02-12,9070.514812785943,,
ENTRY,2026-02-09,NET,0.15,957.9565115943697,4789.782557971848,3830.8260463774786,15.0,1.0,0.146,2026-02-11,9069.514812785943,,
EXIT,2026-02-11,BABA,,982.6277163143334,,,,1.0,-0.054000000000000006,2026-02-11,9998.080632419302,3830.8260463774786,4759.3918660108375
EXIT,2026-02-11,NET,,957.9565115943697,,,,1.0,0.146,2026-02-11,11094.898794706449,4759.3918660108375,5856.2100282979845
ENTRY,2026-02-11,CRSP,0.15,1171.242005659597,5856.2100282979845,4683.968022638388,15.0,1.0,0.146,2026-02-19,9153.314566797748,,
ENTRY,2026-02-11,ZM,-0.05,936.7936045276776,4683.968022638388,3746.1744181107106,15.0,1.0,-0.054000000000000006,2026-02-18,9152.314566797748,,
EXIT,2026-02-12,ACN,,1197.695639492962,,,,1.0,-0.054000000000000006,2026-02-12,10284.334641758089,3746.1744181107106,4878.194493071052
ENTRY,2026-02-12,NOW,0.15,975.6388986142105,4878.194493071052,3901.555594456842,15.0,1.0,0.146,2026-02-26,9085.639002265127,,
EXIT,2026-02-18,ZM,,936.7936045276776,,,,1.0,-0.054000000000000006,2026-02-18,9970.845752148309,3901.555594456842,4786.762344340024
ENTRY,2026-02-18,QCOM,-0.05,957.352468868005,4786.762344340024,3828.4098754720194,15.0,1.0,-0.054000000000000006,2026-03-01,9033.052147620632,,
EXIT,2026-02-19,CRSP,,1171.242005659597,,,,1.0,0.146,2026-02-19,10374.29548610653,3828.4098754720194,5169.653213957918
ENTRY,2026-02-19,BABA,-0.05,1033.9306427915835,5169.653213957918,4134.722571166334,15.0,1.0,-0.054000000000000006,2026-02-24,9202.053480446932,,
EXIT,2026-02-23,BB,,922.8307942493816,,,,1.0,0.0225486464260317,2026-02-23,10144.692859986897,4134.722571166334,5077.361950706299
ENTRY,2026-02-23,PINS,0.15,1015.4723901412598,5077.361950706299,4060.8895605650387,15.0,1.0,0.146,2026-03-01,9220.862065737514,,
EXIT,2026-02-24,BABA,,1033.9306427915835,,,,1.0,-0.054000000000000006,2026-02-24,10197.960453818352,4060.8895605650387,5037.987948645877
ENTRY,2026-02-24,ACN,-0.0162151299277422,1007.5975897291753,5037.987948645877,4029.390358916701,15.0,1.0,-0.0202151299277422,2026-03-16,9163.029811026769,,
EXIT,2026-02-25,AVGO,,1177.578104757418,,,,1.0,0.0603135505865869,2026-02-25,10410.631832375131,4029.390358916701,5276.992380265063
ENTRY,2026-02-25,ARVN,-0.05,1055.3984760530125,5276.992380265063,4220.59390421205,15.0,1.0,-0.054000000000000006,2026-02-28,9232.053727617713,,
EXIT,2026-02-26,NOW,,975.6388986142105,,,,1.0,0.146,2026-02-26,10349.135905429597,4220.59390421205,5337.676082023935
ENTRY,2026-02-26,ETSY,-0.05,1067.535216404787,5337.676082023935,4269.140865619148,15.0,1.0,-0.054000000000000006,2026-03-01,9372.497006815387,,
EXIT,2026-03-02,QCOM,,957.352468868005,,,,1.0,-0.054000000000000006,2026-03-01,10277.15244236452,4269.140865619148,5173.7963011682805
EXIT,2026-03-02,PINS,,1015.4723901412598,,,,1.0,0.146,2026-03-01,11439.883801466403,5173.7963011682805,6336.527660270164
EXIT,2026-03-02,ARVN,,1055.3984760530125,,,,1.0,-0.054000000000000006,2026-02-28,12437.290759812553,6336.527660270164,7333.934618616314
EXIT,2026-03-02,ETSY,,1067.535216404787,,,,1.0,-0.054000000000000006,2026-03-01,13446.179074531483,7333.934618616314,8342.822933335243
ENTRY,2026-03-02,GME,-0.05,1668.5645866670486,8342.822933335243,6673.2583466681945,15.0,1.0,-0.054000000000000006,2026-03-15,9349.420523064418,,
ENTRY,2026-03-02,SPCE,-0.05,1334.651669333639,6673.2583466681945,5337.606677334556,15.0,1.0,-0.054000000000000006,2026-03-07,9348.420523064418,,
ENTRY,2026-03-02,LULU,-0.05,1067.521335466911,5337.606677334556,4269.085341867644,15.0,1.0,-0.054000000000000006,2026-03-06,9347.420523064418,,
ENTRY,2026-03-02,TSLA,-0.05,853.8170683735289,4269.085341867644,3414.2682734941154,15.0,1.0,-0.054000000000000006,2026-03-07,9346.420523064418,,
EXIT,2026-03-06,LULU,,1067.521335466911,,,,1.0,-0.054000000000000006,2026-03-06,10355.295706416116,3414.2682734941154,4423.1434568458135
ENTRY,2026-03-06,RUN,0.15,884.6286913691627,4423.1434568458135,3537.5147654766506,15.0,1.0,0.146,2026-03-12,9286.774370949206,,
EXIT,2026-03-09,SPCE,,1334.651669333639,,,,1.0,-0.054000000000000006,2026-03-07,10548.354850138829,3537.5147654766506,4799.095244666273
EXIT,2026-03-09,TSLA,,853.8170683735289,,,,1.0,-0.054000000000000006,2026-03-07,11355.065796820185,4799.095244666273,5605.806191347631
ENTRY,2026-03-09,AVGO,-0.05,1121.1612382695262,5605.806191347631,4483.644953078105,15.0,1.0,-0.054000000000000006,2026-03-13,9165.597059113017,,
ENTRY,2026-03-09,DDOG,-0.05,896.7289906156209,4483.644953078105,3585.9159624624835,15.0,1.0,-0.054000000000000006,2026-03-10,9164.597059113017,,
EXIT,2026-03-10,DDOG,,896.7289906156209,,,,1.0,-0.054000000000000006,2026-03-10,10011.902684235394,3585.9159624624835,4433.221587584861
ENTRY,2026-03-10,PACB,-0.05,886.644317516972,4433.221587584861,3545.5772700678885,15.0,1.0,-0.054000000000000006,2026-03-12,9114.173693619774,,
EXIT,2026-03-12,RUN,,884.6286913691627,,,,1.0,0.146,2026-03-12,10126.958173928833,3545.5772700678885,4558.361750376949
EXIT,2026-03-12,PACB,,886.644317516972,,,,1.0,-0.054000000000000006,2026-03-12,10964.72369829989,4558.361750376949,5396.127274748004
ENTRY,2026-03-12,UAL,0.15,1079.2254549496008,5396.127274748004,4315.901819798403,15.0,1.0,0.146,2026-03-30,9192.450689413754,,
ENTRY,2026-03-12,CAT,-0.05,863.1803639596806,4315.901819798403,3451.7214558387227,15.0,1.0,-0.054000000000000006,2026-03-24,9191.450689413754,,
EXIT,2026-03-13,AVGO,,1121.1612382695262,,,,1.0,-0.054000000000000006,2026-03-13,10251.069220816726,3451.7214558387227,4511.339987241694
ENTRY,2026-03-13,PLTR,-0.05,902.2679974483387,4511.339987241694,3608.071989793355,15.0,1.0,-0.054000000000000006,2026-03-23,9128.9079825472,,
EXIT,2026-03-16,ACN,,1007.5975897291753,,,,1.0,-0.0202151299277422,2026-03-16,10115.136856085119,3608.071989793355,4594.300863331275
EXIT,2026-03-16,GME,,1668.5645866670486,,,,1.0,-0.054000000000000006,2026-03-15,11692.598955072146,4594.300863331275,6171.762962318303
ENTRY,2026-03-16,MELI,-0.05,1234.3525924636606,6171.762962318303,4936.410369854642,15.0,1.0,-0.054000000000000006,2026-03-20,9015.436778675923,,
ENTRY,2026-03-16,NIO,-0.05,987.2820739709284,4936.410369854642,3948.1282958837137,15.0,1.0,-0.054000000000000006,2026-03-19,9014.436778675923,,
EXIT,2026-03-19,NIO,,987.2820739709284,,,,1.0,-0.054000000000000006,2026-03-19,9947.405620652422,3948.1282958837137,4881.097137860212
ENTRY,2026-03-19,QS,-0.05,976.2194275720424,4881.097137860212,3903.8777102881695,15.0,1.0,-0.054000000000000006,2026-03-20,8959.123546681492,,
EXIT,2026-03-20,MELI,,1234.3525924636606,,,,1.0,-0.054000000000000006,2026-03-20,10125.821099152115,3903.8777102881695,5070.575262758793
EXIT,2026-03-20,QS,,976.2194275720424,,,,1.0,-0.054000000000000006,2026-03-20,11048.324677635268,5070.575262758793,5993.078841241944
ENTRY,2026-03-20,RIVN,0.15,1198.6157682483888,5993.078841241944,4793.463072993555,15.0,1.0,0.146,2026-04-08,8836.752657599565,,
ENTRY,2026-03-20,QS,-0.05,958.6926145987111,4793.463072993555,3833.7704583948444,15.0,1.0,-0.054000000000000006,2026-03-25,8835.752657599565,,
EXIT,2026-03-23,PLTR,,902.2679974483387,,,,1.0,-0.054000000000000006,2026-03-23,9688.298183185692,3833.7704583948444,4686.315983980972
ENTRY,2026-03-23,EDIT,-0.05,937.2631967961945,4686.315983980972,3748.052787184778,15.0,1.0,-0.054000000000000006,2026-03-24,8785.030185737352,,
EXIT,2026-03-24,CAT,,863.1803639596806,,,,1.0,-0.054000000000000006,2026-03-24,9600.598810043211,3748.052787184778,4563.621411490636
EXIT,2026-03-24,EDIT,,937.2631967961945,,,,1.0,-0.054000000000000006,2026-03-24,10486.249794212412,4563.621411490636,5449.272395659837
ENTRY,2026-03-24,C,-0.05,1089.8544791319673,5449.272395659837,4358.417916527869,15.0,1.0,-0.054000000000000006,2026-03-27,8684.806233456537,,
ENTRY,2026-03-24,MELI,0.15,871.6835833055737,4358.417916527869,3485.7343332222954,15.0,1.0,0.146,2026-04-07,8683.806233456537,,
EXIT,2026-03-25,QS,,958.6926145987111,,,,1.0,-0.054000000000000006,2026-03-25,9589.729446866917,3485.7343332222954,4391.657546632676
ENTRY,2026-03-25,FCEL,-0.05,878.3315093265352,4391.657546632676,3512.3260373061407,15.0,1.0,-0.054000000000000006,2026-03-27,8630.036832268206,,
EXIT,2026-03-27,C,,1089.8544791319673,,,,1.0,-0.054000000000000006,2026-03-27,9660.039169527048,3512.3260373061407,4542.3283745649815
EXIT,2026-03-27,FCEL,,878.3315093265352,,,,1.0,-0.054000000000000006,2026-03-27,10489.94077734995,4542.3283745649815,5372.229982387884
ENTRY,2026-03-27,ETSY,0.15,1074.4459964775767,5372.229982387884,4296.783985910307,15.0,1.0,0.146,2026-04-01,8520.754788891447,,
ENTRY,2026-03-27,PLTR,-0.05,859.3567971820614,4296.783985910307,3436.4271887282457,15.0,1.0,-0.054000000000000006,2026-04-04,8519.754788891447,,
EXIT,2026-03-30,UAL,,1079.2254549496008,,,,1.0,0.146,2026-03-30,9755.54716026369,3436.4271887282457,4672.219560100488
ENTRY,2026-03-30,GIS,-0.05,934.4439120200975,4672.219560100488,3736.77564808039,15.0,1.0,-0.054000000000000006,2026-04-08,8675.321705314087,,
EXIT,2026-04-01,ETSY,,1074.4459964775767,,,,1.0,0.146,2026-04-01,9905.636817277391,3736.77564808039,4967.090760043693
ENTRY,2026-04-01,ACN,-0.05,993.4181520087386,4967.090760043693,3972.6726080349545,15.0,1.0,-0.054000000000000006,2026-04-06,8830.190820799815,,
EXIT,2026-04-06,PLTR,,859.3567971820614,,,,1.0,-0.054000000000000006,2026-04-04,9642.142350934046,3972.6726080349545,4784.624138169184
EXIT,2026-04-06,ACN,,993.4181520087386,,,,1.0,-0.054000000000000006,2026-04-06,10580.915922734312,4784.624138169184,5723.397709969451
ENTRY,2026-04-06,HOOD,0.15,1144.67954199389,5723.397709969451,4577.718167975561,15.0,1.0,0.146,2026-04-13,8727.140973543512,,
ENTRY,2026-04-06,BB,0.15,915.5436335951123,4577.718167975561,3661.174534380449,15.0,1.0,0.146,2026-04-13,8726.140973543512,,
EXIT,2026-04-07,MELI,,871.6835833055737,,,,1.0,0.146,2026-04-07,9724.090360011698,3661.174534380449,4659.123920848637
ENTRY,2026-04-07,SNDL,0.15,931.8247841697274,4659.123920848637,3726.2991366789092,15.0,1.0,0.146,2026-04-13,8851.406776706124,,
EXIT,2026-04-08,RIVN,,1198.6157682483888,,,,1.0,0.146,2026-04-08,10224.020447118779,3726.2991366789092,5098.912807091563
EXIT,2026-04-08,GIS,,934.4439120200975,,,,1.0,-0.054000000000000006,2026-04-08,11107.004387889792,5098.912807091563,5981.8967478625755
ENTRY,2026-04-08,CRWD,-0.05,1196.3793495725151,5981.8967478625755,4784.517398290061,15.0,1.0,-0.054000000000000006,2026-04-09,8972.944707621305,,
ENTRY,2026-04-08,MRVI,0.15,956.9034796580121,4784.517398290061,3826.6139186320484,15.0,1.0,0.146,2026-04-16,8971.944707621305,,
EXIT,2026-04-09,CRWD,,1196.3793495725151,,,,1.0,-0.054000000000000006,2026-04-09,10102.719572316904,3826.6139186320484,4957.388783327648
ENTRY,2026-04-09,Z,0.15,991.4777566655296,4957.388783327648,3964.9110266621183,15.0,1.0,0.146,2026-04-15,8905.34022274439,,
EXIT,2026-04-13,HOOD,,1144.67954199389,,,,1.0,0.146,2026-04-13,10216.142977869387,3964.9110266621183,5275.713781787116
EXIT,2026-04-13,BB,,915.5436335951123,,,,1.0,0.146,2026-04-13,11264.355981969387,5275.713781787116,6323.926785887115
EXIT,2026-04-13,SNDL,,931.8247841697274,,,,1.0,0.146,2026-04-13,12331.227184627893,6323.926785887115,7390.7979885456225
ENTRY,2026-04-13,NTRA,-0.05,1478.1595977091245,7390.7979885456225,5911.638390836498,15.0,1.0,-0.054000000000000006,2026-04-25,9338.179224869164,,
ENTRY,2026-04-13,IBM,-0.05,1182.3276781672996,5911.638390836498,4728.310712669198,15.0,1.0,-0.054000000000000006,2026-04-21,9337.179224869164,,
ENTRY,2026-04-13,ORCL,0.15,945.6621425338398,4728.310712669198,3781.6485701353586,15.0,1.0,0.146,2026-04-16,9336.179224869164,,
EXIT,2026-04-15,Z,,991.4777566655296,,,,1.0,0.146,2026-04-15,10471.412734007861,3781.6485701353586,4916.882079274055
ENTRY,2026-04-15,RUN,0.15,983.3764158548111,4916.882079274055,3932.5056634192442,15.0,1.0,0.146,2026-05-01,9478.934977342331,,
EXIT,2026-04-16,MRVI,,956.9034796580121,,,,1.0,0.146,2026-04-16,10574.546365030412,3932.5056634192442,5028.117051107326
EXIT,2026-04-16,ORCL,,945.6621425338398,,,,1.0,0.146,2026-04-16,11657.275180374192,5028.117051107326,6110.845866451106
ENTRY,2026-04-16,BB,0.15,1222.1691732902211,6110.845866451106,4887.676693160885,15.0,1.0,0.146,2026-04-18,9753.709558182341,,
ENTRY,2026-04-16,AFRM,0.15,977.5353386321771,4887.676693160885,3909.1413545287082,15.0,1.0,0.146,2026-05-02,9752.709558182341,,
EXIT,2026-04-20,BB,,1222.1691732902211,,,,1.0,0.146,2026-04-18,11152.315430772935,3909.1413545287082,5308.747227119302
ENTRY,2026-04-20,GIS,-0.05,1061.7494454238604,5308.747227119302,4245.9977816954415,15.0,1.0,-0.054000000000000006,2026-05-05,9929.146257482713,,
EXIT,2026-04-21,IBM,,1182.3276781672996,,,,1.0,-0.054000000000000006,2026-04-21,11046.628241028979,4245.9977816954415,5363.479765241707
ENTRY,2026-04-21,BMEA,-0.05,1072.6959530483414,5363.479765241707,4289.7838121933655,15.0,1.0,-0.054000000000000006,2026-04-22,9863.300562861681,,
EXIT,2026-04-22,BMEA,,1072.6959530483414,,,,1.0,-0.054000000000000006,2026-04-22,10877.070934445412,4289.7838121933655,5303.554183777096
ENTRY,2026-04-22,CRM,-0.05,1060.7108367554192,5303.554183777096,4241.843347021677,15.0,1.0,-0.054000000000000006,2026-04-23,9803.374981397068,,
EXIT,2026-04-23,CRM,,1060.7108367554192,,,,1.0,-0.054000000000000006,2026-04-23,10805.807432967697,4241.843347021677,5244.2757985923035
ENTRY,2026-04-23,PDD,0.0002046054326253,1048.8551597184608,5244.2757985923035,4194.420638873843,15.0,1.0,-0.0037953945673747003,2026-05-13,9744.096596212275,,
EXIT,2026-04-27,NTRA,,1478.1595977091245,,,,1.0,-0.054000000000000006,2026-04-25,11141.435575645108,4194.420638873843,5591.759618306674
ENTRY,2026-04-27,TTD,-0.05,1118.3519236613347,5591.759618306674,4472.40769464534,15.0,1.0,-0.054000000000000006,2026-05-06,9662.275977935984,,
EXIT,2026-05-01,RUN,,983.3764158548111,,,,1.0,0.146,2026-05-01,10788.225350505596,4472.40769464534,5598.357067214953
ENTRY,2026-05-01,CRM,-0.05,1119.6714134429903,5598.357067214953,4477.685653771962,15.0,1.0,-0.054000000000000006,2026-05-08,9803.848934650785,,
EXIT,2026-05-04,AFRM,,977.5353386321771,,,,1.0,0.146,2026-05-02,10923.104432723261,4477.685653771962,5596.941151844438
ENTRY,2026-05-04,BMEA,0.15,1119.3882303688874,5596.941151844438,4476.55292147555,15.0,1.0,0.146,2026-05-06,9944.569094091083,,
EXIT,2026-05-05,GIS,,1061.7494454238604,,,,1.0,-0.054000000000000006,2026-05-05,10947.984069462054,4476.55292147555,5479.967896846521
ENTRY,2026-05-05,ACN,-0.05,1095.9935793693041,5479.967896846521,4382.9743174772175,15.0,1.0,-0.054000000000000006,2026-05-10,9885.234624038196,,
EXIT,2026-05-06,TTD,,1118.3519236613347,,,,1.0,-0.054000000000000006,2026-05-06,10942.195543821817,4382.9743174772175,5439.93523726084
EXIT,2026-05-06,BMEA,,1119.3882303688874,,,,1.0,0.146,2026-05-06,12224.014455824563,5439.93523726084,6721.754149263585
ENTRY,2026-05-06,GME,-0.05,1344.3508298527167,6721.754149263585,5376.403319410868,15.0,1.0,-0.054000000000000006,2026-05-07,9985.27430179434,,
ENTRY,2026-05-06,LCID,-0.05,1075.2806638821735,5376.403319410868,4300.122655528694,15.0,1.0,-0.054000000000000006,2026-05-09,9984.27430179434,,
EXIT,2026-05-07,GME,,1344.3508298527167,,,,1.0,-0.054000000000000006,2026-05-07,11255.030186835009,4300.122655528694,5570.878540569363
ENTRY,2026-05-07,ICLR,-0.05,1114.1757081138726,5570.878540569363,4455.70283245549,15.0,1.0,-0.054000000000000006,2026-05-10,9909.679356982291,,
EXIT,2026-05-08,CRM,,1119.6714134429903,,,,1.0,-0.054000000000000006,2026-05-08,10967.888514099359,4455.70283245549,5513.911989572559
ENTRY,2026-05-08,CSIQ,-0.05,1102.7823979145119,5513.911989572559,4410.1295916580475,15.0,1.0,-0.054000000000000006,2026-05-10,9847.21710065637,,
EXIT,2026-05-11,ACN,,1095.9935793693041,,,,1.0,-0.054000000000000006,2026-05-10,10883.027026739732,4410.1295916580475,5445.939517741409
EXIT,2026-05-11,LCID,,1075.2806638821735,,,,1.0,-0.054000000000000006,2026-05-09,11899.242534772267,5445.939517741409,6462.155025773945
EXIT,2026-05-11,ICLR,,1114.1757081138726,,,,1.0,-0.054000000000000006,2026-05-10,12952.25275464799,6462.155025773945,7515.165245649669
EXIT,2026-05-11,CSIQ,,1102.7823979145119,,,,1.0,-0.054000000000000006,2026-05-10,13994.484903075121,7515.165245649669,8557.397394076797
ENTRY,2026-05-11,MDB,0.15,1711.4794788153592,8557.397394076797,6844.917915261438,15.0,1.0,0.146,2026-05-16,9605.252553795257,,
ENTRY,2026-05-11,QS,-0.05,1368.9835830522875,6844.917915261438,5474.93433220915,15.0,1.0,-0.054000000000000006,2026-05-12,9604.252553795257,,
ENTRY,2026-05-11,ETSY,-0.05,1094.98686644183,5474.93433220915,4378.94746576732,15.0,1.0,-0.054000000000000006,2026-05-13,9603.252553795257,,
ENTRY,2026-05-11,ESTC,-0.05,875.789493153464,4378.94746576732,3502.157972613856,15.0,1.0,-0.054000000000000006,2026-05-13,9602.252553795257,,
EXIT,2026-05-12,QS,,1368.9835830522875,,,,1.0,-0.054000000000000006,2026-05-12,10896.311023362721,3502.157972613856,4796.2164421813195
ENTRY,2026-05-12,CSIQ,-0.05,959.2432884362639,4796.2164421813195,3835.9731537450557,15.0,1.0,-0.054000000000000006,2026-05-14,9526.327440310433,,
EXIT,2026-05-13,PDD,,1048.8551597184608,,,,1.0,-0.0037953945673747003,2026-05-13,10570.201780853737,3835.9731537450557,4879.847494288359
EXIT,2026-05-13,ETSY,,1094.98686644183,,,,1.0,-0.054000000000000006,2026-05-13,11605.059356507707,4879.847494288359,5914.70506994233
EXIT,2026-05-13,ESTC,,875.789493153464,,,,1.0,-0.054000000000000006,2026-05-13,12432.556217030884,5914.70506994233,6742.201930465507
ENTRY,2026-05-13,MRVI,-0.05,1348.4403860931013,6742.201930465507,5392.761544372405,15.0,1.0,-0.054000000000000006,2026-05-15,9411.92469771713,,
ENTRY,2026-05-13,PACB,-0.05,1078.552308874481,5392.761544372405,4313.209235497924,15.0,1.0,-0.054000000000000006,2026-05-14,9410.92469771713,,
ENTRY,2026-05-13,ARVN,-0.05,862.6418470995848,4313.209235497924,3449.567388398339,15.0,1.0,-0.054000000000000006,2026-05-14,9409.92469771713,,
EXIT,2026-05-14,CSIQ,,959.2432884362639,,,,1.0,-0.054000000000000006,2026-05-14,10316.368848577837,3449.567388398339,4356.011539259045
EXIT,2026-05-14,PACB,,1078.552308874481,,,,1.0,-0.054000000000000006,2026-05-14,11335.679332773096,4356.011539259045,5375.322023454304
EXIT,2026-05-14,ARVN,,862.6418470995848,,,,1.0,-0.054000000000000006,2026-05-14,12150.738520129302,5375.322023454304,6190.381210810511
ENTRY,2026-05-14,GIS,0.0416540057025865,1238.0762421621023,6190.381210810511,4951.304968648409,15.0,1.0,0.03765400570258649,2026-06-03,9249.301075718973,,
ENTRY,2026-05-14,FSLY,-0.05,990.2609937296819,4951.304968648409,3960.043974918727,15.0,1.0,-0.054000000000000006,2026-05-16,9248.301075718973,,
ENTRY,2026-05-14,BBBY,0.15,792.0087949837455,3960.043974918727,3167.035179934982,15.0,1.0,0.146,2026-05-19,9247.301075718973,,
EXIT,2026-05-15,MRVI,,1348.4403860931013,,,,1.0,-0.054000000000000006,2026-05-15,10521.925680963046,3167.035179934982,4441.659785179056
ENTRY,2026-05-15,TME,0.0897283649642811,888.3319570358111,4441.659785179056,3552.3278281432445,15.0,1.0,0.0857283649642811,2026-06-04,9172.485294869944,,
EXIT,2026-05-18,MDB,,1711.4794788153592,,,,1.0,0.146,2026-05-16,11132.840777592346,3552.3278281432445,5512.6833108656465
EXIT,2026-05-18,FSLY,,990.2609937296819,,,,1.0,-0.054000000000000006,2026-05-16,12068.627677660625,5512.6833108656465,6448.470210933925
ENTRY,2026-05-18,FDX,0.15,1289.694042186785,6448.470210933925,5157.77616874714,15.0,1.0,0.146,2026-06-05,9365.887205115585,,
ENTRY,2026-05-18,SNDL,0.0287769512695575,1031.555233749428,5157.77616874714,4125.220934997712,15.0,1.0,0.0247769512695575,2026-06-07,9364.887205115585,,
EXIT,2026-05-19,BBBY,,792.0087949837455,,,,1.0,0.146,2026-05-19,10271.529284166956,4125.220934997712,5031.863014049084
ENTRY,2026-05-19,CSIQ,0.15,1006.3726028098167,5031.863014049084,4024.4904112392674,15.0,1.0,0.146,2026-05-21,9478.52048918321,,
EXIT,2026-05-21,CSIQ,,1006.3726028098167,,,,1.0,0.146,2026-05-21,10630.82349200326,4024.4904112392674,5176.793414059317
ENTRY,2026-05-21,NIO,-0.05,1035.3586828118632,5176.793414059317,4140.434731247454,15.0,1.0,-0.054000000000000006,2026-05-22,9623.450889193444,,
EXIT,2026-05-22,NIO,,1035.3586828118632,,,,1.0,-0.054000000000000006,2026-05-22,10601.900203133468,4140.434731247454,5118.884045187477
ENTRY,2026-05-22,HOOD,0.15,1023.7768090374954,5118.884045187477,4094.1072361499814,15.0,1.0,0.146,2026-05-25,9565.541520321603,,
EXIT,2026-05-26,HOOD,,1023.7768090374954,,,,1.0,0.146,2026-05-25,10737.789743478574,4094.1072361499814,5266.355459306951
ENTRY,2026-05-26,NOW,0.15,1053.2710918613902,5266.355459306951,4212.084367445561,15.0,1.0,0.146,2026-05-29,9713.012934441078,,
EXIT,2026-05-29,NOW,,1053.2710918613902,,,,1.0,0.146,2026-05-29,10919.06160571423,4212.084367445561,5418.133038718714
ENTRY,2026-05-29,PACB,0.15,1083.6266077437426,5418.133038718714,4333.5064309749705,15.0,1.0,0.146,2026-06-02,9864.79051385284,,
EXIT,2026-06-02,PACB,,1083.6266077437426,,,,1.0,0.146,2026-06-02,11105.626606327169,4333.5064309749705,5574.3425234493
ENTRY,2026-06-02,BBBY,-0.05,1114.86850468986,5574.3425234493,4458.47401875944,15.0,1.0,-0.054000000000000006,2026-06-03,10020.999998583426,,
EXIT,2026-06-03,GIS,,1238.0762421621023,,,,1.0,0.03765400570258649,2026-06-03,11304.694770628137,4458.47401875944,5742.16879080415
EXIT,2026-06-03,BBBY,,1114.86850468986,,,,1.0,-0.054000000000000006,2026-06-03,12358.360376064746,5742.16879080415,6795.834396240758
ENTRY,2026-06-03,BMEA,-0.05,1359.1668792481516,6795.834396240758,5435.667516992607,15.0,1.0,-0.054000000000000006,2026-06-06,10004.415629212783,,
ENTRY,2026-06-03,NVDA,-0.05,1087.1335033985213,5435.667516992607,4347.534013594085,15.0,1.0,-0.054000000000000006,2026-06-07,10003.415629212781,,
EXIT,2026-06-04,TME,,888.3319570358111,,,,1.0,0.0857283649642811,2026-06-04,10966.902832470794,4347.534013594085,5311.021216852097
ENTRY,2026-06-04,INTU,-0.05,1062.2042433704194,5311.021216852097,4247.816973481677,15.0,1.0,-0.054000000000000006,2026-06-08,10077.570875434983,,
EXIT,2026-06-05,FDX,,1289.694042186785,,,,1.0,0.146,2026-06-05,11554.560247781039,4247.816973481677,5724.806345827733
ENTRY,2026-06-05,UBER,0.0511950614262835,1144.9612691655466,5724.806345827733,4578.845076662186,15.0,1.0,0.047195061426283505,2026-06-25,10263.866205594253,,
EXIT,2026-06-08,SNDL,,1031.555233749428,,,,1.0,0.0247769512695575,2026-06-07,11319.980233102147,4578.845076662186,5634.9591041700805
EXIT,2026-06-08,BMEA,,1359.1668792481516,,,,1.0,-0.054000000000000006,2026-06-06,12604.752100870899,5634.9591041700805,6919.730971938832
EXIT,2026-06-08,NVDA,,1087.1335033985213,,,,1.0,-0.054000000000000006,2026-06-07,13632.1803950859,6919.730971938832,7947.159266153833
EXIT,2026-06-08,INTU,,1062.2042433704194,,,,1.0,-0.054000000000000006,2026-06-08,14636.025609314316,7947.159266153833,8951.00448038225
ENTRY,2026-06-08,TWLO,-0.05,1790.20089607645,8951.00448038225,7159.8035843058,15.0,1.0,-0.054000000000000006,2026-06-09,10094.965749547795,,
ENTRY,2026-06-08,PINS,-0.05,1431.9607168611599,7159.8035843058,5726.8428674446395,15.0,1.0,-0.054000000000000006,2026-06-11,10093.965749547795,,
ENTRY,2026-06-08,PDD,-0.05,1145.368573488928,5726.8428674446395,4580.474293955712,15.0,1.0,-0.054000000000000006,2026-06-17,10092.965749547795,,
ENTRY,2026-06-08,EDIT,-0.05,916.0948587911423,4580.474293955712,3663.3794351645693,15.0,1.0,-0.054000000000000006,2026-06-09,10091.965749547795,,
EXIT,2026-06-09,TWLO,,1790.20089607645,,,,1.0,-0.054000000000000006,2026-06-09,11784.495797236117,3663.3794351645693,5355.9094828528905
EXIT,2026-06-09,EDIT,,916.0948587911423,,,,1.0,-0.054000000000000006,2026-06-09,12650.121533652538,5355.9094828528905,6221.535219269311
ENTRY,2026-06-09,GIS,0.0631671760471411,1244.307043853862,6221.535219269311,4976.228175415448,15.0,1.0,0.0591671760471411,2026-06-29,9942.825778784945,,
ENTRY,2026-06-09,SNDL,-0.05,995.2456350830897,4976.228175415448,3979.9825403323584,15.0,1.0,-0.054000000000000006,2026-06-13,9941.825778784943,,
EXIT,2026-06-11,PINS,,1431.9607168611599,,,,1.0,-0.054000000000000006,2026-06-11,11295.460616935601,3979.9825403323584,5333.617378483015
ENTRY,2026-06-11,ZM,-0.05,1066.723475696603,5333.617378483015,4265.893902786413,15.0,1.0,-0.054000000000000006,2026-06-15,9862.499900074443,,
EXIT,2026-06-15,SNDL,,995.2456350830897,,,,1.0,-0.054000000000000006,2026-06-13,10803.002270863046,4265.893902786413,5206.396273575016
EXIT,2026-06-15,ZM,,1066.723475696603,,,,1.0,-0.054000000000000006,2026-06-15,11811.12267887203,5206.396273575016,6214.516681584002
ENTRY,2026-06-15,JKS,-0.05,1242.9033363168003,6214.516681584002,4970.613345267202,15.0,1.0,-0.054000000000000006,2026-06-18,9748.153568092339,,
ENTRY,2026-06-15,ROKU,0.0171753976761155,994.1226690534404,4970.613345267202,3975.4906762137616,15.0,1.0,0.013175397676115499,2026-07-05,9747.153568092339,,
EXIT,2026-06-17,PDD,,1145.368573488928,,,,1.0,-0.054000000000000006,2026-06-17,10829.672238612864,3975.4906762137616,5058.009346734288
ENTRY,2026-06-17,TME,-0.05,1011.6018693468575,5058.009346734288,4045.40747738743,15.0,1.0,-0.054000000000000006,2026-06-20,9683.303665123938,,
EXIT,2026-06-18,JKS,,1242.9033363168003,,,,1.0,-0.054000000000000006,2026-06-18,10858.09022127963,4045.40747738743,5220.194033543123
ENTRY,2026-06-18,INTU,-0.05,1044.0388067086246,5220.194033543123,4175.1552268344985,15.0,1.0,-0.054000000000000006,2026-06-19,9614.18688496283,,
EXIT,2026-06-22,TME,,1011.6018693468575,,,,1.0,-0.054000000000000006,2026-06-20,10570.162253364957,4175.1552268344985,5131.130595236626
EXIT,2026-06-22,INTU,,1044.0388067086246,,,,1.0,-0.054000000000000006,2026-06-19,11556.822964511317,5131.130595236626,6117.791306382985
ENTRY,2026-06-22,AMC,-0.05,1223.5582612765968,6117.791306382985,4893.233045106388,15.0,1.0,-0.054000000000000006,2026-06-23,9500.182288455835,,
ENTRY,2026-06-22,PACB,0.15,978.6466090212776,4893.233045106388,3913.5864360851106,15.0,1.0,0.146,2026-06-25,9499.182288455833,,
EXIT,2026-06-23,AMC,,1223.5582612765968,,,,1.0,-0.054000000000000006,2026-06-23,10655.668403623495,3913.5864360851106,5070.0725512527715
ENTRY,2026-06-23,RIVN,0.15,1014.0145102505543,5070.0725512527715,4055.058041002217,15.0,1.0,0.146,2026-06-28,9431.110142346899,,
FINAL_EXIT,2026-06-25,UBER,,1144.9612691655466,,,,1.0,0.047195061426283505,2026-06-25,5253.055827596747,4055.058041002217,5253.055827596747
FINAL_EXIT,2026-06-29,GIS,,1244.307043853862,,,,1.0,0.0591671760471411,2026-06-29,6569.985005371008,5253.055827596747,6569.985005371008
FINAL_EXIT,2026-07-05,ROKU,,994.1226690534404,,,,1.0,0.013175397676115499,2026-07-05,7576.205635928069,6569.985005371008,7576.205635928069
FINAL_EXIT,2026-06-25,PACB,,978.6466090212776,,,,1.0,0.146,2026-06-25,8696.734649866452,7576.205635928069,8696.734649866452
FINAL_EXIT,2026-06-28,RIVN,,1014.0145102505543,,,,1.0,0.146,2026-06-28,9857.795278613587,8696.734649866452,9857.795278613587
